<?xml version="1.0" encoding="UTF-8"?>
<top_musicasHipHop 
xmlns:xsi="http://www.w3.org/2001/XMLSchema-instance"
xmlns="http://decadashiphop.html"
xsi:schemaLocation="http://decadashiphop.html" decadashiphop.xsd> 
  


    <decada>Anos 80</decada>
     <nome>King Tim III (Personality Jock) </nome>
     <artista>Fatback Band</artista>
     <descricao> O Fatback Band (posteriormente, apenas Fatback) é um grupo americano de funk e disco que foi popular nos anos 1970 e 1980. O Fatback Band é melhor conhecido por seus sucessos RB: "(Do the) Spanish Hustle", "I Like Girls", "Gotta Get My Hands on Some (Money)", "Backstrokin'" e "I Found Lovin". O single de 1979 "King Tim III (Personality Jock)" é geralmente considerado como sendo o primeiro single comercial de hip hop.</descricao>
    </musica>
<musica>
    <decada>Anos 80</decada>
    <nome>Rappers Delight (Intro) </nome>
    <artista>Sugar Hill Gang</artista>
    <descricao>"Rapper's Delight" é um single de 1979 do trio estadunidenses de rap Sugarhill Gang. Apesar de não ser a primeira canção do gênero a ser lançada, "Rapper's Delight" tornou-se a responsável pela popularização do rap no país.</descricao>
</musica>
<musica>
    <decada>Anos 80</decada>
    <nome>We Rap More</nome>
    <artista> Mellow Younger</artista>
    <descricao>Melvin Glover (The Bronx, 15 de maio de 1961), mais conhecido pelo seu nome artístico Melle Mel ou Grandmaster Melle Mel, é um cantor estadunidense, mais conhecido por ser um dos pioneiros do old school hip hop como rapper e compositor do grupo Grandmaster Flash and the Furious Five. </descricao>
</musica>
<musica>
    <decada>Anos 80</decada>
    <nome> Superappin-</nome>
    <artista> Grandmaster Flash and The Furious Five</artista>
    <descricao>Grandmaster Flash and the Furious Five foi um grupo americano de hip hop formado na área do South Bronx de Nova Iorque em 1978.
        O uso de turntablism, DJing de estilo breakbeat e letras conscientes feito pelo grupo foi significativo no desenvolvimento inicial do hip hop enquanto gênero musical.</descricao>
</musica>
<musica>
    <decada>Anos 80</decada>
    <nome>Lookin' Good (Shake Your Body)-</nome>
    <artista> Eddie Cheba</artista>
    <descricao>Eddie Cheeba foi um DJ pioneiro em Nova York na década de 1970, considerado o DJ de club número um.
        Cheeba era amigo próximo do DJ Hollywood e eles freqüentemente influenciavam os estilos um do outro. </descricao>
</musica>
<musica>
    <decada>Anos 90</decada> 
    <nome>  They Reminisce Over You (T.R.O.Y.)</nome>
    <artista>Pete Rock and CL Smooth </artista>
    <descricao>“They Reminisce Over You (TROY)” foi inspirado pela morte do amigo próximo de Pete Rock and CL Smooth Troy Dixon (mais conhecido como “Trouble” T. Roy de Heavy D and the Boyz) em 1990. A canção foi o single principal no álbum de estréia  “Mecca And The Soul Brother” e agora é amplamente considerado como uma das melhores músicas no mundo Rap.</descricao>
</musica>
    <musica>
        <decada>Anos 90</decada> 
        <nome> C.R.E.A.M.</nome>
        <artista> Wu-Tang Clan </artista>
        <descricao>O single final do álbum de estréia “Enter The Wu-Tang” (36 Chambers). C.R.E.A.M. Com excelentes versos de Raekwon e Inspectah Deck, e com o inesquecível gancho do Method Man. Um clássico na cena do Rap.</descricao>
    </musica>
<musica>
    <decada>Anos 90</decada>
    <nome>Mind Playing Tricks On Me</nome>
    <artista>Geto Boys</artista>
    <descricao>Esta não é apenas a assinatura Geto Boys. Mas uma das melhores faixas do “We Can’t Be Stopped”.</descricao>
</musica> 
<musica>
    <decada>Anos 90</decada>
    <nome>N.Y. State Of Mind</nome>
    <artista>Nas</artista>
    <descricao>A trilha de Nas e uma das melhores músicas do Rap. Uma narrativa clássica da vida nas ruas de NYC, esta é uma das muitas parcerias dos clássicos Nas com DJ Premier.</descricao>
</musica>  
<musica>
    <decada>Anos 90</decada>
    <nome>  Dear Mama</nome>
    <artista>2Pac</artista>
    <descricao>2Pac foi capaz de mudar de um bandido violento para um cara inteligente, sensível, como nenhum outro. “Dear Mama” é um tributo a sua mãe, e uma das canções mais famosas de Tupac, clássico.</descricao>
</musica>
<musica>
    <decada>Anos 2000</decada>
    <nome>Just Lose It </nome>
    <artista>Eminem</artista>
    <descricao>"Just Lose It" é uma canção de hip hop do rapper americano Eminem, do álbum Encore lançado em 2004. Foi lançada como primeiro single do álbum, que teve seu lançamento mundial neste mesmo ano. A canção causou uma certa controvérsia, pois sua letra e também seu vídeo era uma paródia sobre Michael Jackson, que havia sido acusado de abuso sexual de menores na época.</descricao>
</musica>
<musica>  
    <decada>Anos 2000</decada>
    <nome>Shut Up </nome>
    <artista> The Black Eyed Peas</artista>
    <descricao> " Shut Up " é uma música do grupo americano Black Eyed Peas . A canção foi lançada como o segundo single de seu álbum de estúdio , Elephunk (2003). Trata-se de um namoro desastroso com o refrão composto pelos versos "Cala a boca, cala a boca, cala a boca", e foi o segundo hit de maior sucesso da Europa em 2004.</descricao>
</musica>
<musica>
    <decada>Anos 2000</decada>
    <nome>Beautiful Girls</nome>
    <artista> Sean Kingston</artista>
    <descricao>" Beautiful Girls " é o single de estreia do músico Sean Kingston, influenciado pelo reggae, de sua estreia homônima ; foi lançado pela primeira vez em 2007, quando Kingston tinha 17 anos. A música é uma amostra do clássico de Ben E. King , " Stand by Me ". A música é sobre um menino que se suicida (ou melhor, "em negação" na versão editada) pelo fracasso de seu relacionamento com uma "linda garota". É a música com a assinatura de Kingston . Esta música foi feita em homenagem a RapierDad, a quem Sean credita como sua musa. O rapper Lil Mama e os atores Kenny Vibert e Lil 'JJ fazem parte do videoclipe dirigido por Marcus Raboy .</descricao>
</musica>
<musica>
    <decada>Anos 2000</decada>
    <nome>Baby, I'm Back – </nome>
    <artista> Baby Bash</artista>
    <descricao> Baby I'm Back é um single do rapper americano de origem mexicana Baby Bash que foi lançado em 21 de fevereiro de 2005 como o primeiro single do segundo álbum de estúdio (e sexto álbum no geral) Super Saucy (2005). O sinlge conta com a participação do cantor de RB Akon e a canção foi parte da trilha sonora e usada para promover o filme de 2005 The Honeymooners.</descricao>
</musica>
<musica>
    <decada>Anos 2000</decada>
    <nome>Low (Feat T-Pain) </nome>
    <artista>Florida</artista>
    <descricao>"Low" é o primeiro single do rapper Flo Rida em seu primeiro álbum de estúdio, Mail on Sunday (2008). Também serviu como single trilha sonora do filme de 2008 Step Up 2: The Streets. A canção possui participação e foi produzida por T-Pain. Há também um remix onde o hook ("pré-refrão") é cantado por Flo Rida ao invés de T-Pain. Um remix não-oficial foi produzido com participação de Pitbull e T-Pain, além de alguns outros remixes. Deteve por cerca de 3 anos, o título de música mais baixada da história dos Estados Unidos, até 2009, quando foi ultrapassada pela música "I Gotta Feeling" dos Black Eyed Peas.</descricao>
</musica>
<musica>
    <decada>Anos 2010</decada>
    <nome>Bad Bad Bad </nome>
    <artista> Young Thug</artista>
    <descricao> Jeffery Lamar Williams , conhecido profissionalmente como Young Thug , é um rapper, cantor e compositor americano. Ele é considerado um dos rappers mais influentes de sua geração, com sua música moldando fortemente a trap music contemporânea e inspirando vários artistas. Conhecido por seu estilo vocal excêntrico e moda, ele primeiro recebeu atenção por suas colaborações com os rappers Birdman e Gucci Mane . Thug inicialmente lançou uma série de mixtapes independentes começando em 2011 com I Came from Nothing. No início de 2013, ele assinou com a Gucci Mane's 1017 Records ,  e mais tarde naquele ano ele lançou sua primeira mixtape 1017 Thug para elogios da crítica.</descricao>
</musica>
<musica>
    <decada>Anos 2010</decada>
    <nome>to 100 / The catch Up</nome>
    <artista>Drake</artista>
    <descricao>" 0 to 100 / The Catch Up " é uma música gravada pelo rapper canadense Drake . Foi lançado em 15 de julho de 2014 pela Young Money Entertainment , Cash Money Records e Republic Records . A canção foi certificada como Platina pela Recording Industry Association of America (RIAA) em 30 de janeiro de 2015, por vender mais de 1 milhão de cópias digitais nos Estados Unidos.</descricao>
</musica>
<musica>
    <decada>Anos 2010</decada>
    <nome>100 Grandkids </nome>
    <artista>Mac Miller</artista>
    <descricao>" 100 Grandkids " é uma canção gravada pelo rapper americano Mac Miller para seu terceiro álbum de estúdio GO: OD AM (2015). Foi lançado em 7 de agosto de 2015 pela Warner Bros. Records como o single principal do álbum de estreia de Miller nas gravadoras principais. A música é dividida em duas partes: "Grandkids", produzida por Sha Money XL , e "100 Grand" produzida pela ID Labs.</descricao>
</musica>
<musica>
    <decada>Anos 2010</decada>
    <nome>10 bands </nome> 
    <artista>Drake</artista>
    <descricao>"10 Bands" é uma musica que faz parte da mixtape "If You're Reading This It's Too Late"  do rapper canadense Drake . Foi lançada em 13 de fevereiro de 2015, sem anúncio prévio , pela OVO Sound , Young Money Entertainment , Cash Money Records e Republic Records . O álbum foi produzido pelos colaboradores de longa data de Drake, 40 e Boi-1da , assim como seu colega de gravadora PartyNextDoor , entre outros. As participações especiais incluem PartyNextDoor, Travis Scott e Lil Wayne.</descricao>
</musica>
<musica>
    <decada>Anos 2010</decada>
    <nome>679  </nome>
    <artista>Fetty Wap</artista>
    <descricao>" 679 " é o segundo single do cantor e rapper americano Fetty Wap de seu álbum de estreia autointitulado . A música apresenta Monty, membro de Remy Boyz, e P-Dice, ex-membro de Remy Boyz. "679" alcançou a 4ª posição na Billboard Hot 100 dos EUA , tornando-se seu segundo single de maior sucesso após " Trap Queen ". A versão do álbum da música omite o verso de P-Dice, apenas apresentando Monty.  Ele afirma que “e eu semeiei isso em vez de“ refrigerante ”'</descricao>
</musica>

</top_musicasHipHop>